<?xml version="1.0" ?>
<odoo>

    <!-- Mail template are declared in a NOUPDATE block
         so users can freely customize/delete them -->
    <data noupdate="1">
        <!--Email template -->
        <record id="email_template_edi_withhold" model="mail.template">
            <field name="name">Withhold: Send by email</field>
            <field name="model_id" ref="account.model_account_move"/>
            <field name="email_from">{{ (object.invoice_user_id.email_formatted or user.email_formatted) }}</field>
            <field name="partner_to">{{ object.partner_id.id }}</field>
            <field name="subject">{{ object.company_id.name }} Document (Ref {{ object.name or 'n/a' }})</field>
            <field name="body_html" type="html">
<div style="margin: 0px; padding: 0px;">
    <p style="margin: 0px; padding: 0px; font-size: 13px;">
        Dear
        <t t-if="object.partner_id.parent_id">
            <t t-out="object.partner_id.name or ''">Brandon Freeman</t> (<t t-out="object.partner_id.parent_id.name or ''">Azure Interior</t>),
        </t>
        <t t-else="">
            <t t-out="object.partner_id.name or ''">Brandon Freeman</t>,
        </t>
        <br /><br />
        Here is your
        <t t-if="object.name">
            document <strong t-out="object.name or ''">001-001-000000001</strong>
        </t>
        <t t-else="">
            document
        </t>
        <t t-if="object.invoice_origin">
            (with reference: <t t-out="object.invoice_origin or ''">SUB003</t>)
        </t>
        amounting in <strong t-out="format_amount(object.amount_total, object.currency_id) or ''">$ 143,750.00</strong>
        from <t t-out="object.company_id.name or ''">YourCompany</t>.
        <br /><br />
        Do not hesitate to contact us if you have any questions.
        <t t-if="object.invoice_user_id.signature">
            <br />
            <t t-out="object.invoice_user_id.signature or ''">--<br/>Mitchell Admin</t>
        </t>
    </p>
</div>
            </field>
            <field name="report_template" ref="l10n_ec_edi_withhold"/>
            <field name="report_name">Withhold_{{ (object.name or '').replace('/','_') }}{{ object.state == 'draft' and '_draft' or '' }}</field>
            <field name="lang">{{ object.partner_id.lang }}</field>
            <field name="auto_delete" eval="True"/>
        </record>
    </data>
</odoo>
