<?xml version="1.0" encoding="utf-8"?>
<odoo>

    <template id="aged_report_line_template" inherit_id="account_reports.line_template" primary="True">
       <xpath expr="//span[hasclass('account_report_line_name')]" position="inside">
          <t t-if="line.get('trust')">
              &amp;nbsp;<a t-att-data-line_id="line['id']" action="caret_option_open_record_form" class="no_print oe_link_reports">Open</a>
              &amp;nbsp;<a t-att-data-line_id="line['id']" t-att-data-name="line['name']" action="open_journal_items" class="no_print oe_link_reports">⇒ Journal Items</a>
              &amp;nbsp;<a t-att-data-line_id="line['id']" action="action_partner_reconcile" class="no_print oe_link_reports"  groups="account.group_account_user">Reconcile</a>
          </t>
       </xpath>
       <xpath expr="//span[hasclass('o_account_reports_caret_icon')]" position="before">
           <t t-if="line.get('trust') == 'good'">
               <span class="fa fa-circle color-green trust-partner" role="img" aria-label="Balance is good" title="Balance is good"></span>
           </t>
           <t t-if="line.get('trust') == 'bad'">
               <span class="fa fa-circle color-red trust-partner" role="img" aria-label="Balance is bad" title="Balance is bad"></span>
           </t>
           <t t-if="line.get('trust') == 'normal'">
               <span class="fa fa-circle color-transparent trust-partner" role="img" aria-label="Balance is normal" title="Balance is normal"></span>
           </t>
       </xpath>
       <xpath expr="//*[hasclass('dropdown-menu')]" position="inside">
           <a role="menuitem" tabindex="-1" t-att-data-id="line['id']" t-att-parent-id="line['parent_id']" class="o_change_expected_date dropdown-item" groups="account.group_account_user">Change expected payment date</a>
       </xpath>
    </template>

    <template id="aged_report_main_template" inherit_id="account_reports.main_template" primary="True">
        <xpath expr="//table" position="attributes">
            <attribute name="class">o_account_reports_table table-striped table-hover table-bold-unfold</attribute>
        </xpath>
    </template>

    <record id="aged_receivable_report" model="account.report">
        <field name="name">Aged Receivable</field>
        <field name="filter_date_range" eval="False"/>
        <field name="filter_unfold_all" eval="True"/>
        <field name="filter_partner" eval="True"/>
        <field name="filter_period_comparison" eval="False"/>
        <field name="filter_hierarchy">never</field>
        <field name="filter_show_draft" eval="False"/>
        <field name="filter_multi_company">selector</field>
        <field name="default_opening_date_filter">today</field>
        <field name="custom_handler_model_id" ref="model_account_aged_receivable_report_handler"/>
        <field name="line_template">account_reports.aged_report_line_template</field>
        <field name="main_template">account_reports.aged_report_main_template</field>
        <field name="column_ids">
            <record id="aged_receivable_report_due_date" model="account.report.column">
                <field name="name">Due Date</field>
                <field name="expression_label">due_date</field>
                <field name="figure_type">date</field>
                <field name="sortable" eval="True"/>
            </record>
            <record id="aged_receivable_report_amount_currency" model="account.report.column">
                <field name="name">Amount Currency</field>
                <field name="expression_label">amount_currency</field>
                <field name="figure_type">none</field>
            </record>
            <record id="aged_receivable_report_currency" model="account.report.column">
                <field name="name">Currency</field>
                <field name="expression_label">currency</field>
                <field name="figure_type">none</field>
            </record>
            <record id="aged_receivable_report_account_name" model="account.report.column">
                <field name="name">Account</field>
                <field name="expression_label">account_name</field>
                <field name="figure_type">none</field>
            </record>
            <record id="aged_receivable_report_expected_date" model="account.report.column">
                <field name="name">Expected Date</field>
                <field name="expression_label">expected_date</field>
                <field name="figure_type">date</field>
            </record>
            <record id="aged_receivable_report_period0" model="account.report.column">
                <field name="name">At Date</field>
                <field name="expression_label">period0</field>
                <field name="sortable" eval="True"/>
            </record>
            <record id="aged_receivable_report_period1" model="account.report.column">
                <field name="name">1-30</field>
                <field name="expression_label">period1</field>
                <field name="sortable" eval="True"/>
            </record>
            <record id="aged_receivable_report_period2" model="account.report.column">
                <field name="name">31-60</field>
                <field name="expression_label">period2</field>
                <field name="sortable" eval="True"/>
            </record>
            <record id="aged_receivable_report_period3" model="account.report.column">
                <field name="name">61-90</field>
                <field name="expression_label">period3</field>
                <field name="sortable" eval="True"/>
            </record>
            <record id="aged_receivable_report_period4" model="account.report.column">
                <field name="name">91-120</field>
                <field name="expression_label">period4</field>
                <field name="sortable" eval="True"/>
            </record>
            <record id="aged_receivable_report_period5" model="account.report.column">
                <field name="name">Older</field>
                <field name="expression_label">period5</field>
                <field name="sortable" eval="True"/>
            </record>
            <record id="aged_receivable_report_total" model="account.report.column">
                <field name="name">Total</field>
                <field name="expression_label">total</field>
                <field name="sortable" eval="True"/>
            </record>
        </field>
        <field name="line_ids">
          <record id="aged_receivable_line" model="account.report.line">
              <field name="name">Aged Receivable</field>
              <field name="groupby">partner_id, id</field>
              <field name="expression_ids">
                  <record id="aged_receivable_line_due_date" model="account.report.expression">
                      <field name="label">due_date</field>
                      <field name="engine">custom</field>
                      <field name="formula">_report_custom_engine_aged_receivable</field>
                      <field name="subformula">due_date</field>
                      <field name="auditable" eval="False"/>
                  </record>
                  <record id="aged_receivable_line_amount_currency" model="account.report.expression">
                      <field name="label">amount_currency</field>
                      <field name="engine">custom</field>
                      <field name="formula">_report_custom_engine_aged_receivable</field>
                      <field name="subformula">amount_currency</field>
                      <field name="auditable" eval="False"/>
                  </record>
                  <record id="aged_receivable_line_currency" model="account.report.expression">
                      <field name="label">currency</field>
                      <field name="engine">custom</field>
                      <field name="formula">_report_custom_engine_aged_receivable</field>
                      <field name="subformula">currency</field>
                      <field name="auditable" eval="False"/>
                  </record>
                  <record id="aged_receivable_line_account_name" model="account.report.expression">
                      <field name="label">account_name</field>
                      <field name="engine">custom</field>
                      <field name="formula">_report_custom_engine_aged_receivable</field>
                      <field name="subformula">account_name</field>
                      <field name="auditable" eval="False"/>
                  </record>
                  <record id="aged_receivable_line_expected_date" model="account.report.expression">
                      <field name="label">expected_date</field>
                      <field name="engine">custom</field>
                      <field name="formula">_report_custom_engine_aged_receivable</field>
                      <field name="subformula">expected_date</field>
                      <field name="auditable" eval="False"/>
                  </record>
                  <record id="aged_receivable_line_period0" model="account.report.expression">
                      <field name="label">period0</field>
                      <field name="engine">custom</field>
                      <field name="formula">_report_custom_engine_aged_receivable</field>
                      <field name="subformula">period0</field>
                  </record>
                  <record id="aged_receivable_line_period1" model="account.report.expression">
                      <field name="label">period1</field>
                      <field name="engine">custom</field>
                      <field name="formula">_report_custom_engine_aged_receivable</field>
                      <field name="subformula">period1</field>
                  </record>
                  <record id="aged_receivable_line_period2" model="account.report.expression">
                      <field name="label">period2</field>
                      <field name="engine">custom</field>
                      <field name="formula">_report_custom_engine_aged_receivable</field>
                      <field name="subformula">period2</field>
                  </record>
                  <record id="aged_receivable_line_period3" model="account.report.expression">
                      <field name="label">period3</field>
                      <field name="engine">custom</field>
                      <field name="formula">_report_custom_engine_aged_receivable</field>
                      <field name="subformula">period3</field>
                  </record>
                  <record id="aged_receivable_line_period4" model="account.report.expression">
                      <field name="label">period4</field>
                      <field name="engine">custom</field>
                      <field name="formula">_report_custom_engine_aged_receivable</field>
                      <field name="subformula">period4</field>
                  </record>
                  <record id="aged_receivable_line_period5" model="account.report.expression">
                      <field name="label">period5</field>
                      <field name="engine">custom</field>
                      <field name="formula">_report_custom_engine_aged_receivable</field>
                      <field name="subformula">period5</field>
                  </record>
                  <record id="aged_receivable_line_total" model="account.report.expression">
                      <field name="label">total</field>
                      <field name="engine">custom</field>
                      <field name="formula">_report_custom_engine_aged_receivable</field>
                      <field name="subformula">total</field>
                  </record>
              </field>
          </record>
        </field>
    </record>

    <record id="aged_payable_report" model="account.report">
        <field name="name">Aged Payable</field>
        <field name="filter_date_range" eval="False"/>
        <field name="filter_unfold_all" eval="True"/>
        <field name="filter_partner" eval="True"/>
        <field name="filter_period_comparison" eval="False"/>
        <field name="filter_hierarchy">never</field>
        <field name="filter_show_draft" eval="False"/>
        <field name="filter_multi_company">selector</field>
        <field name="default_opening_date_filter">today</field>
        <field name="custom_handler_model_id" ref="model_account_aged_payable_report_handler"/>
        <field name="line_template">account_reports.aged_report_line_template</field>
        <field name="main_template">account_reports.aged_report_main_template</field>
        <field name="column_ids">
            <record id="aged_payable_report_due_date" model="account.report.column">
                <field name="name">Due Date</field>
                <field name="expression_label">due_date</field>
                <field name="figure_type">date</field>
                <field name="sortable" eval="True"/>
            </record>
            <record id="aged_payable_report_amount_currency" model="account.report.column">
                <field name="name">Amount Currency</field>
                <field name="expression_label">amount_currency</field>
                <field name="figure_type">none</field>
            </record>
            <record id="aged_payable_report_currency" model="account.report.column">
                <field name="name">Currency</field>
                <field name="expression_label">currency</field>
                <field name="figure_type">none</field>
            </record>
            <record id="aged_payable_report_account_name" model="account.report.column">
                <field name="name">Account</field>
                <field name="expression_label">account_name</field>
                <field name="figure_type">none</field>
            </record>
            <record id="aged_payable_report_expected_date" model="account.report.column">
                <field name="name">Expected Date</field>
                <field name="expression_label">expected_date</field>
                <field name="figure_type">date</field>
            </record>
            <record id="aged_payable_report_period0" model="account.report.column">
                <field name="name">At Date</field>
                <field name="expression_label">period0</field>
                <field name="sortable" eval="True"/>
            </record>
            <record id="aged_payable_report_period1" model="account.report.column">
                <field name="name">1-30</field>
                <field name="expression_label">period1</field>
                <field name="sortable" eval="True"/>
            </record>
            <record id="aged_payable_report_period2" model="account.report.column">
                <field name="name">31-60</field>
                <field name="expression_label">period2</field>
                <field name="sortable" eval="True"/>
            </record>
            <record id="aged_payable_report_period3" model="account.report.column">
                <field name="name">61-90</field>
                <field name="expression_label">period3</field>
                <field name="sortable" eval="True"/>
            </record>
            <record id="aged_payable_report_period4" model="account.report.column">
                <field name="name">91-120</field>
                <field name="expression_label">period4</field>
                <field name="sortable" eval="True"/>
            </record>
            <record id="aged_payable_report_period5" model="account.report.column">
                <field name="name">Older</field>
                <field name="expression_label">period5</field>
                <field name="sortable" eval="True"/>
            </record>
            <record id="aged_payable_report_total" model="account.report.column">
                <field name="name">Total</field>
                <field name="expression_label">total</field>
                <field name="sortable" eval="True"/>
            </record>
        </field>
        <field name="line_ids">
            <record id="aged_payable_line" model="account.report.line">
                <field name="name">Aged Payable</field>
                <field name="groupby">partner_id, id</field>
                <field name="expression_ids">
                    <record id="aged_payable_line_due_date" model="account.report.expression">
                        <field name="label">due_date</field>
                        <field name="engine">custom</field>
                        <field name="formula">_report_custom_engine_aged_payable</field>
                        <field name="subformula">due_date</field>
                        <field name="auditable" eval="False"/>
                    </record>
                    <record id="aged_payable_line_amount_currency" model="account.report.expression">
                        <field name="label">amount_currency</field>
                        <field name="engine">custom</field>
                        <field name="formula">_report_custom_engine_aged_payable</field>
                        <field name="subformula">amount_currency</field>
                        <field name="auditable" eval="False"/>
                    </record>
                    <record id="aged_payable_line_currency" model="account.report.expression">
                        <field name="label">currency</field>
                        <field name="engine">custom</field>
                        <field name="formula">_report_custom_engine_aged_payable</field>
                        <field name="subformula">currency</field>
                        <field name="auditable" eval="False"/>
                    </record>
                    <record id="aged_payable_line_account_name" model="account.report.expression">
                        <field name="label">account_name</field>
                        <field name="engine">custom</field>
                        <field name="formula">_report_custom_engine_aged_payable</field>
                        <field name="subformula">account_name</field>
                        <field name="auditable" eval="False"/>
                    </record>
                    <record id="aged_payable_line_expected_date" model="account.report.expression">
                        <field name="label">expected_date</field>
                        <field name="engine">custom</field>
                        <field name="formula">_report_custom_engine_aged_payable</field>
                        <field name="subformula">expected_date</field>
                        <field name="auditable" eval="False"/>
                    </record>
                    <record id="aged_payable_line_period0" model="account.report.expression">
                        <field name="label">period0</field>
                        <field name="engine">custom</field>
                        <field name="formula">_report_custom_engine_aged_payable</field>
                        <field name="subformula">period0</field>
                    </record>
                    <record id="aged_payable_line_period1" model="account.report.expression">
                        <field name="label">period1</field>
                        <field name="engine">custom</field>
                        <field name="formula">_report_custom_engine_aged_payable</field>
                        <field name="subformula">period1</field>
                    </record>
                    <record id="aged_payable_line_period2" model="account.report.expression">
                        <field name="label">period2</field>
                        <field name="engine">custom</field>
                        <field name="formula">_report_custom_engine_aged_payable</field>
                        <field name="subformula">period2</field>
                    </record>
                    <record id="aged_payable_line_period3" model="account.report.expression">
                        <field name="label">period3</field>
                        <field name="engine">custom</field>
                        <field name="formula">_report_custom_engine_aged_payable</field>
                        <field name="subformula">period3</field>
                    </record>
                    <record id="aged_payable_line_period4" model="account.report.expression">
                        <field name="label">period4</field>
                        <field name="engine">custom</field>
                        <field name="formula">_report_custom_engine_aged_payable</field>
                        <field name="subformula">period4</field>
                    </record>
                    <record id="aged_payable_line_period5" model="account.report.expression">
                        <field name="label">period5</field>
                        <field name="engine">custom</field>
                        <field name="formula">_report_custom_engine_aged_payable</field>
                        <field name="subformula">period5</field>
                    </record>
                    <record id="aged_payable_line_total" model="account.report.expression">
                        <field name="label">total</field>
                        <field name="engine">custom</field>
                        <field name="formula">_report_custom_engine_aged_payable</field>
                        <field name="subformula">total</field>
                    </record>
                </field>
            </record>
        </field>
    </record>

</odoo>
