"id","name","model_id:id","group_id:id","perm_read","perm_write","perm_create","perm_unlink"
"access_l10n_ec_certificate_system","access_l10n_ec_certificate_system","l10n_ec_edi.model_l10n_ec_edi_certificate","base.group_system",1,1,1,1
"access_taxpayer_type_account_invoice","access_taxpayer_type_account_invoice","l10n_ec_edi.model_l10n_ec_taxpayer_type","account.group_account_invoice",1,1,1,0
"access_taxpayer_type_account_manager","access_taxpayer_type_account_manager","l10n_ec_edi.model_l10n_ec_taxpayer_type","account.group_account_manager",1,1,1,1
"access_wizard_account_withhold_group_account_invoice","access_wizard_account_withhold_group_account_invoice","l10n_ec_edi.model_l10n_ec_wizard_account_withhold","account.group_account_invoice",1,1,1,1
"access_wizard_account_withhold_line_group_account_invoice","access_wizard_account_withhold_line_group_account_invoice","l10n_ec_edi.model_l10n_ec_wizard_account_withhold_line","account.group_account_invoice",1,1,1,1
